ID	chrom	Symbol	Position	Ref	Alt
NM_000465	chr2	BARD1	214728537	CTT	CTTT,CTTTT,CTTTTT,CT,C
NM_004628	chr3	XPC	14145257	C	G
NM_004628	chr3	XPC	14145330	A	T
NM_207118	chr6	GTF2H5	158192342	TAA	TA,T,TAAA
NM_207118	chr6	GTF2H5	158193149	CA	C,CAA
NM_207118	chr6	GTF2H5	158193282	CA	C
NM_207118	chr6	GTF2H5	158193988	CAAA	C,CAA,CA,CAAAA
NM_207118	chr6	GTF2H5	158195141	CTT	CT,CTTT,C,CTTTT
NM_145043	chr8	NEIL2	11786628	GTT	GCTTTT,GT,GTTT,GTTTT,GCTTT,GCTTTTT,GTTTTTT,GCTTTTTT,GCTT,G
NM_145043	chr8	NEIL2	11786629	T	C
NM_002874	chr9	RAD23B	107331074	C	CT
NM_002874	chr9	RAD23B	107330361	AT	A,ATT
NM_000124	chr10	ERCC6	49458582	CAA	CA,CAAA,C
NM_005590	chr11	MRE11	94418381	AT	ATT,ATTT,A
NM_005590	chr11	MRE11	94419465	G	A / GGAGAGA,GGAGAGAGA,GGAGA,GGA,GGGGAGAGAGAGA,GGGGAGAGAGAGAGA,GGGGAGAGA,GGAGAGAGAGA,GGGGAGAGAGAGA
NM_005591	chr11	MRE11	94418381	AT	ATT,ATTT,A
NM_005591	chr11	MRE11	94419465	G	A / GGAGAGA,GGAGAGAGA,GGAGA,GGA,GGGGAGAGAGAGA,GGGGAGAGAGAGAGA,GGGGAGAGA,GGAGAGAGAGA,GGGGAGAGAGAGA
NM_022725	chr11	FANCF	22623347	A	AT
NM_003211	chr12	TDG	103987427	C	CTG
NM_003211	chr12	TDG	103988486	G	A
NM_015032	chr13	PDS5B	32777351	C / CTT / C	T / CTTTT,CTTTTT,CTTTTTT,CTTTTTTT,CTTTTTTTTT,CTTTTTTTT,CTTT,CTTTTTTTTTTT,CTTTTTTTTTT,C,CT / CTT,CTTT,CTTTT,CTTTTT,CTTTTTTT,CTTTTTT,CT,CTTTTTTTTT,CTTTTTTTT
NM_015032	chr13	PDS5B	32775097	C / CT / CT	T / C,CTTTTT,CTT,CTTT,CTTTT,CTTTTTT / C,CTTTTT,CTT,CTTT,CTTTT
NM_001948	chr15	DUT	48342122	TA	T,TAA
